,Accuracy,Precision,Recall,F1-score,ROC-AUC
Random Forest,1.0,1.0,1.0,1.0,1.0
Logistic Regression,0.955,0.9285714285714286,0.5909090909090909,0.7222222222222222,0.9671016491216269
SVM,0.95125,0.9674418604651163,0.5252525252525253,0.6808510638297872,0.9730441204497808
XGBoost,0.99925,1.0,0.9924242424242424,0.9961977186311787,0.9999971972779964
